<?xml version="1.0" encoding="UTF-8"?>
<beans:beans xmlns="http://www.springframework.org/schema/mvc"
	xmlns:xsi="http://www.w3.org/2001/XMLSchema-instance"
	xmlns:beans="http://www.springframework.org/schema/beans"
	xmlns:context="http://www.springframework.org/schema/context"
	xsi:schemaLocation="http://www.springframework.org/schema/mvc http://www.springframework.org/schema/mvc/spring-mvc.xsd
		http://www.springframework.org/schema/beans http://www.springframework.org/schema/beans/spring-beans.xsd
		http://www.springframework.org/schema/context http://www.springframework.org/schema/context/spring-context.xsd">

	<!-- DispatcherServlet Context: defines this servlet's request-processing infrastructure -->
	
	<!-- Enables the Spring MVC @Controller programming model -->
	<annotation-driven />

	<!-- Handles HTTP GET requests for /resources/** by efficiently serving up static resources in the ${webappRoot}/resources directory -->
	<resources mapping="/resources/**" location="/resources/" />

	<!-- Resolves views selected for rendering by @Controllers to .jsp resources in the /WEB-INF/views directory -->
	<beans:bean class="org.springframework.web.servlet.view.InternalResourceViewResolver">
		<beans:property name="prefix" value="/WEB-INF/views/" />
		<beans:property name="suffix" value=".jsp" />
	</beans:bean>
	
	<context:component-scan base-package="com.instahelpers.instahelpers" />
	
	  <beans:bean id="dataSource" class="org.apache.commons.dbcp.BasicDataSource">  
        <beans:property name="driverClassName"  value="oracle.jdbc.driver.OracleDriver"></beans:property>  
        <beans:property name="url" value="jdbc:oracle:thin:@localhost:1521:xe"></beans:property>  
        <beans:property name="username" value="system"></beans:property>  
        <beans:property name="password" value="oracle"></beans:property>  
    </beans:bean>  
      
    <beans:bean id="mysessionFactory"  class="org.springframework.orm.hibernate5.LocalSessionFactoryBean">  
        <beans:property name="dataSource" ref="dataSource"></beans:property>  
          
        <beans:property name="mappingResources">  
        <beans:list>  
        <beans:value>users-hbm.xml</beans:value>  
        </beans:list>  
        </beans:property>  
          
        <beans:property name="hibernateProperties">  
            <beans:props>  
                <beans:prop key="hibernate.dialect">org.hibernate.dialect.Oracle9Dialect</beans:prop>  
                <beans:prop key="hibernate.hbm2ddl.auto">update</beans:prop>  
                <beans:prop key="hibernate.show_sql">true</beans:prop>  
            </beans:props>  
        </beans:property>  
   	</beans:bean>  
      
    <beans:bean id="template" class="org.springframework.orm.hibernate5.HibernateTemplate">  
    <beans:property name="sessionFactory" ref="mysessionFactory"></beans:property>  
    </beans:bean>
    <beans:bean id="d" class="com.instahelpers.dao.UserDAO">  
    	<beans:property name="template" ref="template"></beans:property>  
    </beans:bean>
</beans:beans>

