<?xml version='1.0' encoding='UTF-8'?>  
<!DOCTYPE hibernate-mapping PUBLIC  
"-//Hibernate/Hibernate Mapping DTD 3.0//EN"  
"http://hibernate.sourceforge.net/hibernate-mapping-3.0.dtd">  
  
<hibernate-mapping>  
<class name="com.instahelpers.dto.User" table="users">  
          <id name="id">  
          <generator class="assigned"></generator>  
          </id>  
            
          <property name="username"></property>  
          <property name="name"></property>  
</class>  
            
</hibernate-mapping>  