<?xml version="1.0" encoding="UTF-8"?>

<beans:beans xmlns="http://www.springframework.org/schema/mvc"
	xmlns:xsi="http://www.w3.org/2001/XMLSchema-instance"
	xmlns:beans="http://www.springframework.org/schema/beans"
	xmlns:security="http://www.springframework.org/schema/security"
	xmlns:context="http://www.springframework.org/schema/context"
	xmlns:jpa="http://www.springframework.org/schema/data/jpa"
	xsi:schemaLocation="http://www.springframework.org/schema/mvc http://www.springframework.org/schema/mvc/spring-mvc.xsd
		http://www.springframework.org/schema/beans http://www.springframework.org/schema/beans/spring-beans.xsd
		http://www.springframework.org/schema/context http://www.springframework.org/schema/context/spring-context.xsd
		http://www.springframework.org/schema/data/jpa 
    	http://www.springframework.org/schema/data/jpa/spring-jpa.xsd
    	 http://www.springframework.org/schema/security
    	 http://www.springframework.org/schema/security/spring-security-4.2.xsd">
    	

	<!-- DispatcherServlet Context: defines this servlet's request-processing infrastructure -->
	<beans:bean name="successHandler" class = "com.instahelpers.security.auth.jwt.JwtAuthenticationSuccessHandler"/>
	<beans:bean name="failureHandler"  class = "com.instahelpers.security.auth.jwt.JwtAuthenticationFailureHandler"/>
	<beans:bean name="objectMapper"  class = "com.fasterxml.jackson.databind.ObjectMapper"/>
	<beans:bean name="ajaxAuthenticationProvider"  class = "com.instahelpers.security.auth.ajax.AjaxAuthenticationProvider"/>
	<beans:bean name="jwtAuthenticationProvider"  class = "com.instahelpers.security.auth.jwt.JwtAuthenticationProvider"/>
	
	<beans:bean  name="ajaxLoginProcessingFilter"  class = "com.instahelpers.security.auth.ajax.AjaxLoginProcessingFilter">
      <beans:constructor-arg  type = "java.lang.String" value = "/api/auth/login"/>
       <beans:constructor-arg ref = "successHandler"/>
        <beans:constructor-arg ref = "failureHandler"/>
         <beans:constructor-arg ref = "objectMapper"/>
         <beans:property name="authenticationManager" ref="authenticationManager">
		</beans:property>
   </beans:bean>
   
   <security:authentication-manager alias="authenticationManager">
    <security:authentication-provider
        ref="ajaxAuthenticationProvider" />
	</security:authentication-manager>
	<!-- Enables the Spring MVC @Controller programming model -->
	<annotation-driven />

	<!-- Handles HTTP GET requests for /resources/** by efficiently serving up static resources in the ${webappRoot}/resources directory -->
	<resources mapping="/resources/**" location="/resources/" />

	<!-- Resolves views selected for rendering by @Controllers to .jsp resources in the /WEB-INF/views directory -->
	<beans:bean class="org.springframework.web.servlet.view.InternalResourceViewResolver">
		<beans:property name="prefix" value="/WEB-INF/views/" />
		<beans:property name="suffix" value=".jsp" />
	</beans:bean>
	<context:component-scan base-package="com.instahelpers.instahelpers" />
	<context:component-scan base-package="com.instahelpers.services" />
	<context:component-scan base-package="com.instahelpers.customannotations" />
	<context:component-scan base-package="com.instahelpers.dto" />
	<context:component-scan base-package="com.instahelpers.exceptions" />
	<context:component-scan base-package="com.instahelpers.repositories" />
	<context:component-scan base-package="com.instahelpers.jpa" />
	<context:component-scan base-package="com.instahelpers.events" />
	<context:component-scan base-package="com.instahelpers.security" />
	<context:component-scan base-package="com.instahelpers.security.filter" />
	<context:component-scan base-package="com.instahelpers.security.auth" />
	<context:component-scan base-package="com.instahelpers.security.auth.ajax" />
	<context:component-scan base-package="com.instahelpers.security.config" />
	<context:property-placeholder location="classpath*:messages_en_US.properties"/>
	 
</beans:beans>

